{"cameraMode":{"drawMode":0,"name":"Shaded","section":"Shading Mode"},"sceneLighting":false,"audioPlay":false,"sceneViewState":{"showFog":true,"showMaterialUpdate":false,"showSkybox":false,"showFlares":true,"showImageEffects":true,"showParticleSystems":true,"showVisualEffectGraphs":true,"m_FxEnabled":true},"in2DMode":false,"pivot":{"x":165.8334503173828,"y":4.606577396392822,"z":115.15367889404297},"rotation":{"x":0.010115631856024266,"y":-0.7240482568740845,"z":-0.010653935372829438,"w":-0.6896576881408691},"size":1.8538599014282227,"orthographic":false}