{"cameraMode":{"drawMode":0,"name":"Shaded","section":"Shading Mode"},"sceneLighting":false,"audioPlay":false,"sceneViewState":{"showFog":true,"showMaterialUpdate":false,"showSkybox":false,"showFlares":true,"showImageEffects":true,"showParticleSystems":true,"showVisualEffectGraphs":true,"m_FxEnabled":true},"in2DMode":false,"pivot":{"x":387.510986328125,"y":219.04049682617188,"z":63.65875244140625},"rotation":{"x":0.019808726385235788,"y":-0.0008696881704963744,"z":0.00004097725104657002,"w":0.9998505115509033},"size":203.89801025390626,"orthographic":false}