{"cameraMode":{"drawMode":0,"name":"Shaded","section":"Shading Mode"},"sceneLighting":false,"audioPlay":false,"sceneViewState":{"showFog":true,"showMaterialUpdate":false,"showSkybox":false,"showFlares":true,"showImageEffects":true,"showParticleSystems":true,"showVisualEffectGraphs":true,"m_FxEnabled":true},"in2DMode":false,"pivot":{"x":488.11541748046877,"y":269.1189270019531,"z":0.23779296875},"rotation":{"x":0.010189923457801342,"y":0.0005974344676360488,"z":0.000009992064406105783,"w":-0.9999522566795349},"size":158.1910400390625,"orthographic":false}