{"cameraMode":{"drawMode":0,"name":"Shaded","section":"Shading Mode"},"sceneLighting":false,"audioPlay":false,"sceneViewState":{"showFog":true,"showMaterialUpdate":false,"showSkybox":false,"showFlares":true,"showImageEffects":true,"showParticleSystems":true,"showVisualEffectGraphs":true,"m_FxEnabled":true},"in2DMode":false,"pivot":{"x":1.7452982664108277,"y":2.1556098461151125,"z":-0.4256467819213867},"rotation":{"x":0.0007422086200676858,"y":0.9990671873092651,"z":0.03867404907941818,"w":-0.019182823598384858},"size":3.323974847793579,"orthographic":false}